{
    "男性": [
        0.5721988,
        0.112333365,
        0.17891699,
        0.30716252,
        0.04216247,
        0.11316007,
        0.07608539,
        0.13908891,
        0.054284602,
        0.09481675,
        0.0414203,
        0.6827122,
        0.06500591,
        0.08953904,
        0.08953904,
        0.37751234,
        0.30319387,
        0.32128486,
        0.14082454,
        0.11912931,
        0.27047762,
        0.13041082,
        0.09741997,
        0.12520397,
        0.056758508,
        0.17025198,
        0.025910228,
        0.03969839,
        0.27525392,
        0.19789438,
        0.47886392,
        0.038048524,
        0.6407703,
        0.1269396,
        0.37751234,
        0.02873857,
        0.01859777,
        0.29953843,
        0.10609736,
        0.11192002,
        0.057005897,
        0.03015274,
        0.036634352,
        0.30854854,
        0.1587729,
        0.14082454,
        0.032627538,
        0.11192002,
        0.043399423,
        0.1460314,
        0.47886392,
        0.33587718,
        0.043399423,
        0.02685301,
        0.568186,
        0.200795,
        0.11109332,
        0.029327808,
        0.033334624,
        0.11305673,
        0.08241652,
        0.102626406
    ],
    "女性": [
        0.64447093,
        0.10913446,
        0.031331215,
        0.054531995,
        0.029917045,
        0.07608539,
        0.200795,
        0.023553278,
        0.077668175,
        0.15600902,
        0.1100022,
        0.08953904,
        0.11652588,
        0.049584184,
        0.2854937,
        0.102192536,
        0.20195828,
        0.25462922,
        0.3969567,
        0.15932569,
        0.046120718,
        0.015204934,
        0.15490346,
        0.024260364,
        0.032391842,
        0.27525392,
        0.3260917,
        0.30427247,
        0.17891699,
        0.11398677,
        0.03875561,
        0.2396185,
        0.044636376,
        0.11192002,
        0.07608539,
        0.036870047,
        0.46186632,
        0.07687678,
        0.39669925,
        0.044141594,
        0.47323486,
        0.044636376,
        0.19870108,
        0.25462922,
        0.44039994,
        0.054284602,
        0.14429577,
        0.08716487,
        0.4014846,
        0.11088664,
        0.44039994,
        0.11212669,
        0.3811502,
        0.18459146,
        0.36095104,
        0.147767,
        0.06500591,
        0.52811706,
        0.15158679
    ],
    "中国人": [
        0.568186,
        0.10002319,
        0.05750068,
        0.028620722,
        0.09958932,
        0.15711457,
        0.04315203,
        0.12260055,
        0.1693855,
        0.036870047,
        0.058490243,
        0.034041706,
        0.09525062,
        0.18364124,
        0.37751234,
        0.4269174,
        0.11098998,
        0.03969839,
        0.10653123,
        0.0438942,
        0.06817148,
        0.17285149,
        0.3260917,
        0.37751234,
        0.0926474,
        0.20572066,
        0.20839658,
        0.3266089,
        0.25462922,
        0.019100413,
        0.3389984,
        0.031331215,
        0.09915545,
        0.38434127,
        0.07054565,
        0.037105743,
        0.11652588,
        0.11078331,
        0.11429678,
        0.024142517,
        0.102192536,
        0.11119666
    ],
    "外国人": [
        0.47886392,
        0.035220183,
        0.295883,
        0.15435068,
        0.147767,
        0.6491204,
        0.17025198,
        0.017089844,
        0.061444655,
        0.11150667,
        0.05280026,
        0.034041706,
        0.17631748,
        0.055768944,
        0.063027434,
        0.09394901,
        0.040430736,
        0.16765249,
        0.042657252,
        0.023906821,
        0.046368107,
        0.043646812,
        0.50789946,
        0.14950264,
        0.08004235,
        0.083999306,
        0.031449065,
        0.25462922,
        0.10089093,
        0.09525062,
        0.02249265,
        0.10522962,
        0.045873325,
        0.16331999,
        0.112540044,
        0.061444655,
        0.046368107,
        0.056758508,
        0.036634352,
        0.5779532,
        0.21776234,
        0.013320025,
        0.06896287,
        0.08716487,
        0.10870059,
        0.050573748,
        0.09308127,
        0.054779384,
        0.45243698,
        0.11192002,
        0.017843807,
        0.034041706,
        0.034277402,
        0.37073207,
        0.112436704,
        0.16245349,
        0.25462922,
        0.37073207,
        0.11129999,
        0.016712861,
        0.48021027,
        0.018095128,
        0.012126249,
        0.30464804,
        0.09112182,
        0.07054565,
        0.054531995,
        0.050821137,
        0.02402467,
        0.4014846,
        0.6827122,
        0.7252971,
        0.015204934,
        0.0438942,
        0.081625134,
        0.4398409,
        0.19124292,
        0.03309893,
        0.044388983,
        0.11479026,
        0.13908891,
        0.09112182,
        0.23415339,
        0.2553839,
        0.104795754,
        0.13041082,
        0.05651112,
        0.24763705,
        0.09438288,
        0.37576625,
        0.20219094,
        0.2359567,
        0.15490346,
        0.03109552,
        0.034513097,
        0.15158679,
        0.036162965
    ],
    "广东人": [
        0.5721988,
        0.03309893,
        0.08320791,
        0.055768944,
        0.10002319,
        0.23812068,
        0.06184035,
        0.04315203,
        0.11067997,
        0.049336795,
        0.030034892,
        0.034041706,
        0.25462922,
        0.1373533,
        0.069754265,
        0.08953904,
        0.37751234,
        0.036870047,
        0.046368107,
        0.20705862,
        0.048099842,
        0.37751234,
        0.47173777,
        0.11192002,
        0.058737632,
        0.11419344,
        0.049089402,
        0.06817148,
        0.09351514,
        0.4269174,
        0.16678599,
        0.08241652,
        0.10653123,
        0.16043124,
        0.103928015,
        0.030859824,
        0.0438942,
        0.085582085,
        0.05824285,
        0.19939905,
        0.032627538,
        0.07054565,
        0.020842785,
        0.08083374,
        0.15213956,
        0.17458448,
        0.035691574,
        0.06579731,
        0.07212844,
        0.3245134,
        0.06500591,
        0.057005897,
        0.027442247,
        0.10045706,
        0.12867521
    ],
    "新疆人": [
        0.53579444,
        0.026145924,
        0.04290464,
        0.058490243,
        0.039226998,
        0.16591948,
        0.25915736,
        0.063423134,
        0.028031485,
        0.04315203,
        0.36867723,
        0.067380086,
        0.034984488,
        0.05824285,
        0.2820025,
        0.021314176,
        0.11652588,
        0.039226998,
        0.11171334,
        0.045131154,
        0.10956833,
        0.08479069,
        0.11202335,
        0.20572066,
        0.028856417,
        0.026970858,
        0.15048122,
        0.4269174,
        0.15103401,
        0.32919475,
        0.0438942,
        0.15048122,
        0.09785384,
        0.071337044,
        0.19314334,
        0.15822013,
        0.1798404,
        0.02920996,
        0.049089402,
        0.06579731,
        0.024260364,
        0.040925518,
        0.09915545,
        0.0438942,
        0.08953904,
        0.15822013,
        0.37458646,
        0.37751234,
        0.069754265,
        0.054037213,
        0.054037213,
        0.03639866,
        0.11150667,
        0.24442963,
        0.030741978
    ],