{
    "男性": [
        0.5885171,
        0.054531995,
        0.030859824,
        0.19029272,
        0.11479026,
        0.044141594,
        0.11367676,
        0.11109332,
        0.112850055,
        0.049831573,
        0.044636376,
        0.032627538,
        0.06579731,
        0.026028076,
        0.024378212,
        0.06184035,
        0.1991664,
        0.3048984,
        0.045378547,
        0.15656179,
        0.032391842,
        0.15490346,
        0.26293078,
        0.09611836,
        0.37751234,
        0.4402136,
        0.069754265,
        0.081625134,
        0.14950264,
        0.03592727,
        0.025085296,
        0.03309893,
        0.11336674,
        0.1013248,
        0.030270588,
        0.023671126,
        0.0143253105,
        0.06025757,
        0.03969839,
        0.09033044,
        0.11109332,
        0.08004235,
        0.028620722,
        0.62136006,
        0.049584184,
        0.055026773,
        0.1641865,
        0.027088705,
        0.103928015,
        0.20009702,
        0.2359567,
        0.41168427,
        0.103494145,
        0.032863233,
        0.10870059,
        0.09033044
    ],
    "女性": [
        0.6027529,
        0.73663366,
        0.05725329,
        0.12867521,
        0.45921504,
        0.02072494,
        0.15822013,
        0.044141594,
        0.017718147,
        0.1013248,
        0.11202335,
        0.014450971,
        0.049831573,
        0.51980776,
        0.04166769,
        0.11316007,
        0.47886392,
        0.22043827,
        0.05354243,
        0.10956833,
        0.038048524,
        0.043646812,
        0.039462693,
        0.2540519,
        0.05725329,
        0.37751234,
        0.0414203,
        0.09785384,
        0.01608456,
        0.042657252,
        0.055274166,
        0.10783285,
        0.029799197,
        0.18554166,
        0.14256015,
        0.091913216,
        0.054531995,
        0.035691574,
        0.0926474,
        0.044388983,
        0.16331999,
        0.05799546,
        0.1693855,
        0.077668175,
        0.7570315,
        0.058737632,
        0.03734144,
        0.11223003,
        0.050821137,
        0.055026773,
        0.14082454,
        0.026617315,
        0.20056234,
        0.03015274,
        0.11440011,
        0.04785245,
        0.1269396,
        0.20572066,
        0.41168427,
        0.028502874,
        0.44393396,
        0.112436704
    ],
    "中国人": [
        0.023906821,
        0.4269174,
        0.022610499,
        0.11088664,
        0.049831573,
        0.04315203,
        0.13388206,
        0.06500591,
        0.06579731,
        0.040925518,
        0.05725329,
        0.37751234,
        0.05255287,
        0.034277402,
        0.60254884,
        0.3286776,
        0.051068526,
        0.027088705,
        0.06896287,
        0.04686289,
        0.027442247,
        0.026028076,
        0.10045706,
        0.112436704,
        0.059479803,
        0.046120718,
        0.030741978,
        0.14429577,
        0.067380086,
        0.091913216
    ],
    "外国人": [
        0.057005897,
        0.029327808,
        0.0414203,
        0.050821137,
        0.049831573,
        0.040925518,
        0.037105743,
        0.049831573,
        0.04290464,
        0.044141594,
        0.056758508,
        0.31132057,
        0.07054565,
        0.2648175,
        0.1460314,
        0.055026773,
        0.37751234,
        0.0414203,
        0.119997114,
        0.0414203,
        0.053295042,
        0.044636376,
        0.020842785,
        0.02920996,
        0.31963667,
        0.0414203,
        0.14256015,
        0.04686289,
        0.039935954,
        0.048842013,
        0.07608539,
        0.13908891,
        0.01822079,
        0.20705862,
        0.062236045,
        0.067380086,
        0.07450261,
        0.09611836,
        0.011058134,
        0.0414203,
        0.016838523,
        0.032391842,
        0.13388206,
        0.09828771,
        0.2359567,
        0.020842785,
        0.044636376,
        0.104795754,
        0.0414203
    ],
    "广东人": [
        0.07450261,
        0.08716487,
        0.026028076,
        0.123468354,
        0.07291982,
        0.12867521,
        0.044141594,
        0.04315203,
        0.1693855,
        0.054284602,
        0.038048524,
        0.04166769,
        0.03781283,
        0.04785245,
        0.07845957,
        0.49139655,
        0.050821137,
        0.3308965,
        0.10956833,
        0.062236045,
        0.024967449,
        0.37751234,
        0.12867521,
        0.08004235,
        0.01859777,
        0.054531995,
        0.06421452,
        0.028031485,
        0.3389984,
        0.09915545,
        0.3389984,
        0.17285149,
        0.045625936,
        0.041172907,
        0.050326355,
        0.07845957,
        0.07450261,
        0.09438288,
        0.024849601,
        0.017592486,
        0.15103401,
        0.07212844,
        0.055026773,
        0.1182615,
        0.027088705,
        0.05131592,
        0.06579731,
        0.11078331,
        0.11192002,
        0.11398677,
        0.06065326,
        0.10696511,
        0.10609736
    ],
    "新疆人": [
        0.049831573,
        0.026617315,
        0.05651112,
        0.03969839,
        0.37751234,
        0.026617315,
        0.6852916,
        0.16851899,
        0.035691574,
        0.026735162,
        0.059974585
    ],
    "东北人": [
        0.0926474,
        0.019100413,
        0.069754265,
        0.2854869,
        0.049831573,
        0.067380086,
        0.06579731,
        0.049831573,
        0.1104733,
        0.032627538,
        0.067380086,
        0.019728716,
        0.49139655,
        0.54325575,
        0.28548008,
        0.44573322,
        0.0438942,
        0.040430736,
        0.62136006,
        0.17025198,
        0.37751234,
        0.2028889,
        0.09828771,
        0.043399423,
        0.47473195,
        0.3047732,
        0.123468354,
        0.0131943645,
        0.030859824,
        0.035691574,
        0.47886392,
        0.037577134,
        0.08320791,
        0.20219094,
        0.09741997,
        0.08241652,
        0.024142517,
        0.02449606,
        0.35186127,
        0.059974585,
        0.08320791,
        0.026617315,
        0.3969567,
        0.3389984,
        0.022964042,
        0.032627538,
        0.22712809,
        0.35186127,
        0.016587202,
        0.09958932,
        0.09828771
    ]
}