{
    "男性": [
        0.6020386,
        0.2786282,
        0.11367676,
        0.3281604,
        0.24603334,
        0.038048524,
        0.04290464,
        0.08004235,
        0.13908891,
        0.07054565,
        0.08953904,
        0.028031485,
        0.051068526,
        0.19599396,
        0.013131535,
        0.027913637,
        0.15711457,
        0.37751234,
        0.07054565,
        0.051810697,
        0.18174082,
        0.15490346,
        0.03781283,
        0.044141594,
        0.2330714,
        0.07845957,
        0.03781283,
        0.11140333,
        0.03734144,
        0.15048122,
        0.03734144,
        0.014702292,
        0.02968135,
        0.3625127,
        0.20973456,
        0.027324399,
        0.13214645,
        0.043399423,
        0.023553278,
        0.1269396,
        0.022374803,
        0.09481675,
        0.01834645,
        0.043399423,
        0.15932569,
        0.1798404,
        0.1269396,
        0.11119666,
        0.6027529,
        0.083999306,
        0.15269235,
        0.022139108,
        0.037105743,
        0.05131592,
        0.039462693,
        0.059727192
    ],
    "女性": [
        0.11119666,
        0.08004235,
        0.0665887,
        0.051810697,
        0.042657252,
        0.08953904,
        0.15711457,
        0.019980038,
        0.37751234,
        0.026499467,
        0.09655223,
        0.048594624,
        0.07845957,
        0.16245349,
        0.030388435,
        0.10653123,
        0.022610499,
        0.035220183,
        0.029445656,
        0.6027529,
        0.051068526,
        0.05354243,
        0.19986437,
        0.045131154,
        0.037105743,
        0.2359567,
        0.05255287
    ],
    "中国人": [
        0.62702215,
        0.27750343,
        0.04240986,
        0.08004235,
        0.13908891,
        0.25462922,
        0.049336795,
        0.03357032,
        0.22043827,
        0.37751234,
        0.06817148,
        0.03639866,
        0.10956833,
        0.3048984,
        0.012754552,
        0.15324512,
        0.048842013,
        0.37458646,
        0.03592727,
        0.112850055,
        0.038048524,
        0.19939905,
        0.016021729,
        0.024378212,
        0.04711028,
        0.13041082,
        0.03639866,
        0.039462693,
        0.1269396,
        0.034748793,
        0.18364124,
        0.020231359,
        0.6027529,
        0.055768944,
        0.03545588,
        0.05205809,
        0.061444655
    ],
    "外国人": [
        0.5779532,
        0.15103401,
        0.08004235,
        0.04315203,
        0.042657252,
        0.06421452,
        0.091913216,
        0.37751234,
        0.23523538,
        0.1460314,
        0.02048268,
        0.025556687,
        0.049089402,
        0.033806015,
        0.02873857,
        0.04735767,
        0.057005897,
        0.04686289,
        0.056758508,
        0.025085296,
        0.032391842,
        0.05799546,
        0.0665887,
        0.039935954,
        0.05898502
    ],
    "广东人": [
        0.60152835,
        0.11181668,
        0.032627538,
        0.15048122,
        0.08004235,
        0.019100413,
        0.16765249,
        0.37751234,
        0.045873325,
        0.10913446,
        0.021785567,
        0.07845957,
        0.4014846,
        0.34757367,
        0.19939905,
        0.22980402,
        0.02873857,
        0.032391842,
        0.09525062,
        0.13561769,
        0.027442247,
        0.09481675,
        0.1269396,
        0.03309893,
        0.5024724,
        0.039935954,
        0.024849601,
        0.25462922,
        0.6027529,
        0.037105743,
        0.022964042,
        0.018849092,
        0.04315203,
        0.03062413,
        0.24603334
    ],
    "新疆人": [
        0.041915078,
        0.08004235,
        0.37751234,
        0.071337044,
        0.07687678,
        0.027206551,
        0.09033044,
        0.024378212,
        0.044883765,
        0.040183347,
        0.024849601,
        0.6027529,
        0.05230548,
        0.11171334
    ],
    "东北人": [
        0.60254884,
        0.18269104,
        0.15545623,
        0.049831573,
        0.054037213,
        0.11398677,
        0.115658075,
        0.05651112,
        0.11202335,
        0.035691574,
        0.042657252,
        0.046368107,
        0.37751234,
        0.07450261,
        0.048099842,
        0.61223894,
        0.18364124,
        0.021549871,
        0.07608539,
        0.02873857,
        0.023906821,
        0.39842087,
        0.085582085,
        0.14429577,
        0.049336795,
        0.09828771,
        0.2540519,
        0.24924077,
        0.05255287,
        0.09481675,
        0.032863233,
        0.021196328,
        0.6027529,
        0.0414203,
        0.06104896,
        0.033334624,
        0.044883765,
        0.102626406,
        0.20242359
    ]
}